gene,residue,feature_name,r_pb,abs_r_pb,s_score,rank_score,rank,sign
GLC1,3rif_ser224,GLC1_3rif_ser224,-0.2926075391488931,0.2926075391488931,0.8604778679862534,0.2549847576012849,1,active > inactive
GLC1,3rif_met226,GLC1_3rif_met226,-0.2704575211154597,0.2704575211154597,0.91722535019714,0.25122572967971873,2,active > inactive
GLC1,3rif_ala282,GLC1_3rif_ala282,-0.2694421458945757,0.2694421458945757,0.860936458855803,0.2349230508510822,3,active > inactive
GLC1,3rif_leu227,GLC1_3rif_leu227,-0.28426656555188806,0.28426656555188806,0.7936554865248847,0.22847927354496414,4,active > inactive
GLC1,3rif_thr285,GLC1_3rif_thr285,-0.25022401141104006,0.25022401141104006,0.8553819244384239,0.21675945715094744,5,active > inactive
GLC1,3rif_leu253,GLC1_3rif_leu253,-0.26122121453635466,0.26122121453635466,0.8164988748211336,0.21599964573028765,6,active > inactive
GLC1,3rif_ile222,GLC1_3rif_ile222,-0.26125346873241745,0.26125346873241745,0.7850542692648318,0.20770681631475157,7,active > inactive
GLC1,3rif_met284,GLC1_3rif_met284,-0.2528519835191423,0.2528519835191423,0.8084490595660786,0.20701796204063197,8,active > inactive
GLC1,3rif_D_cys283,GLC1_3rif_D_cys283,-0.2426876956488602,0.2426876956488602,0.820769296579124,0.20172413591676663,9,active > inactive
GLC1,3rif_gly281,GLC1_3rif_gly281,-0.2783099176607221,0.2783099176607221,0.6963414919340029,0.19626369023448406,10,active > inactive
GLC1,3rif_cys225,GLC1_3rif_cys225,-0.21921439587678215,0.21921439587678215,0.847231915176499,0.18808769409930065,11,active > inactive
GLC1,3rif_D_ala258,GLC1_3rif_D_ala258,-0.18621381368812256,0.18621381368812256,0.9607063522662183,0.18117220114922125,12,active > inactive
GLC1,3rif_tyr221,GLC1_3rif_tyr221,-0.22647790615272478,0.22647790615272478,0.7231877556454314,0.16586926093035953,13,active > inactive
GLC1,3rif_E_leu220,GLC1_3rif_E_leu220,-0.17938007861083244,0.17938007861083244,0.904325359446417,0.1642812215809422,14,active > inactive
GLC1,3rif_pro223,GLC1_3rif_pro223,-0.21727357983483403,0.21727357983483403,0.7230367700983907,0.15909491823829894,15,active > inactive
GLC1,3rif_phe288,GLC1_3rif_phe288,-0.1773544307074561,0.1773544307074561,0.8838525004667567,0.15874894266357947,16,active > inactive
GLC1,3rif_val230,GLC1_3rif_val230,-0.169013621191233,0.169013621191233,0.8937769511168328,0.1529818334406369,17,active > inactive
GLC1,3rif_ile229,GLC1_3rif_ile229,-0.16509566904422004,0.16509566904422004,0.9125221077682646,0.15256962522207174,18,active > inactive
GLC1,3rif_D_leu254,GLC1_3rif_D_leu254,-0.18850544632373062,0.18850544632373062,0.7811401124454901,0.1491220434287473,19,active > inactive
GLC1,3rif_E_gln259,GLC1_3rif_E_gln259,-0.15233891449008338,0.15233891449008338,0.9006731591458662,0.13895272915495163,20,active > inactive
GLC1,3rif_D_gln259,GLC1_3rif_D_gln259,-0.15322589666882422,0.15322589666882422,0.8772360887811381,0.1361249287013646,21,active > inactive
GLC1,3rif_cys289,GLC1_3rif_cys289,-0.1693988345323553,0.1693988345323553,0.7758146626017989,0.1330936714044132,22,active > inactive
GLC1,3rif_D_gly262,GLC1_3rif_D_gly262,-0.14792639132506952,0.14792639132506952,0.883092108464393,0.13229415919519563,23,active > inactive
GLC1,3rif_E_thr255,GLC1_3rif_E_thr255,-0.14411975577645098,0.14411975577645098,0.8979039558448901,0.13105162375572693,24,active > inactive
GLC1,3rif_D_met256,GLC1_3rif_D_met256,-0.17000188209177006,0.17000188209177006,0.751053185115963,0.12930443638882566,25,active > inactive
GLC1,3rif_D_thr257,GLC1_3rif_D_thr257,-0.15047118929888723,0.15047118929888723,0.81840030697751,0.12471197043408662,26,active > inactive
GLC1,3rif_val278,GLC1_3rif_val278,-0.14193707091584737,0.14193707091584737,0.8664445208247978,0.12454480077308991,27,active > inactive
GLC1,3rif_D_phe286,GLC1_3rif_D_phe286,-0.15248709338760663,0.15248709338760663,0.7525863823169019,0.11621935099189144,28,active > inactive
GLC1,3rif_leu292,GLC1_3rif_leu292,-0.14525798790286096,0.14525798790286096,0.7789916334123247,0.11459398472682374,29,active > inactive
GLC1,3rif_E_ile263,GLC1_3rif_E_ile263,-0.11690241098346461,0.11690241098346461,0.9413375385247087,0.11144429719760841,30,active > inactive
GLC1,3rif_E_ala258,GLC1_3rif_E_ala258,-0.11856534089642984,0.11856534089642984,0.9273095106270928,0.11134519295263456,31,active > inactive
GLC1,3rif_ile287,GLC1_3rif_ile287,-0.1614610477842967,0.1614610477842967,0.6757789387436525,0.11049978241077131,32,active > inactive
GLC1,3rif_E_ser260,GLC1_3rif_E_ser260,-0.10736927210863065,0.10736927210863065,0.9546901491973192,0.10380815066639405,33,active > inactive
GLC1,3rif_D_ala261,GLC1_3rif_D_ala261,-0.12012888268368746,0.12012888268368746,0.8361415304813395,0.10172231531640544,34,active > inactive
GLC1,3rif_E_gly262,GLC1_3rif_E_gly262,-0.10428442331986558,0.10428442331986558,0.941416716729774,0.0994237990010855,35,active > inactive
GLC1,3rif_leu217,GLC1_3rif_leu217,-0.12887022736957696,0.12887022736957696,0.731323702032715,0.09544457483375048,36,active > inactive
GLC1,3rif_D_trp279,GLC1_3rif_D_trp279,-0.11000201437895153,0.11000201437895153,0.8350068659291545,0.09302071824953274,37,active > inactive
GLC1,3rif_E_met256,GLC1_3rif_E_met256,-0.11090528099433553,0.11090528099433553,0.8109200041663455,0.09107920776795056,38,active > inactive
GLC1,3rif_D_ser265,GLC1_3rif_D_ser265,-0.11228591601742618,0.11228591601742618,0.795904988298963,0.09050561353772815,39,active > inactive
GLC1,3rif_D_asn264,GLC1_3rif_D_asn264,0.10592486553974681,0.10592486553974681,0.7915273660123866,0.08490883065112223,40,inactive > active
GLC1,3rif_ile273,GLC1_3rif_ile273,-0.10014160297791341,0.10014160297791341,0.77504308301044,0.0786012382009198,41,active > inactive
GLC1,3rif_val228,GLC1_3rif_val228,-0.10972182274291192,0.10972182274291192,0.6743269479785137,0.07492944800181027,42,active > inactive
GLC1,3rif_ile276,GLC1_3rif_ile276,0.08098905458570958,0.08098905458570958,0.8069074904979993,0.06618187701820659,43,inactive > active
GLC1,3rif_E_gln266,GLC1_3rif_E_gln266,-0.08600709922273404,0.08600709922273404,0.7335961714542414,0.06389698413291955,44,active > inactive
GLC1,3rif_D_thr255,GLC1_3rif_D_thr255,-0.1276716535668663,0.1276716535668663,0.49325974184701404,0.06377627629119649,45,active > inactive
GLC1,3rif_E_ala261,GLC1_3rif_E_ala261,-0.07576112661820143,0.07576112661820143,0.7908812163408974,0.060680156084885147,46,active > inactive
GLC1,3rif_leu267,GLC1_3rif_leu267,0.06618599820103273,0.06618599820103273,0.895920042794439,0.06005157183656854,47,inactive > active
GLC1,3rif_D_leu220,GLC1_3rif_D_leu220,0.09374489048198219,0.09374489048198219,0.5543938731271678,0.05263262517104307,48,inactive > active
GLC1,3rif_val270,GLC1_3rif_val270,0.05258817423533029,0.05258817423533029,0.9771795685158551,0.052041700015574226,49,inactive > active
GLC1,3rif_ser271,GLC1_3rif_ser271,0.05139551468797801,0.05139551468797801,0.9856976380678636,0.051304792959181535,50,inactive > active
GLC1,3rif_pro269,GLC1_3rif_pro269,0.05047863938670918,0.05047863938670918,0.9850006437947414,0.050353905274037825,51,inactive > active
GLC1,3rif_val233,GLC1_3rif_val233,-0.09408485160564706,0.09408485160564706,0.5230640076093714,0.04983833731117698,52,active > inactive
GLC1,3rif_ala275,GLC1_3rif_ala275,-0.07847266444936733,0.07847266444936733,0.6145258756942085,0.04883684247652015,53,active > inactive
GLC1,3rif_pro268,GLC1_3rif_pro268,0.049437332399228436,0.049437332399228436,0.9743321774109873,0.04878104254808325,54,inactive > active
GLC1,3rif_D_phe330,GLC1_3rif_D_phe330,-0.056054105094023615,0.056054105094023615,0.8440171856271143,0.047912376963966136,55,active > inactive
GLC1,3rif_D_ile263,GLC1_3rif_D_ile263,0.07276763238545322,0.07276763238545322,0.646395506323014,0.04763493502533514,56,inactive > active
GLC1,3rif_phe213,GLC1_3rif_phe213,0.04739850111884849,0.04739850111884849,0.8900149312300595,0.042721933995428,57,inactive > active
GLC1,3rif_glu212,GLC1_3rif_glu212,0.05215464393104344,0.05215464393104344,0.8080649997245171,0.04268038073298775,58,inactive > active
GLC1,3rif_E_thr257,GLC1_3rif_E_thr257,-0.06519065914947234,0.06519065914947234,0.6441475896250946,0.04252651186139116,59,active > inactive
GLC1,3rif_E_phe327,GLC1_3rif_E_phe327,-0.040677422776339595,0.040677422776339595,0.9702128681366463,0.03996772823170659,60,active > inactive
GLC1,3rif_ser214,GLC1_3rif_ser214,0.046505620766357156,0.046505620766357156,0.7820569243157154,0.03683263720481391,61,inactive > active
GLC1,3rif_D_ile280,GLC1_3rif_D_ile280,-0.05683380485873979,0.05683380485873979,0.5476481597656121,0.03152080994087509,62,active > inactive
GLC1,3rif_phe338,GLC1_3rif_phe338,-0.032589678770818135,0.032589678770818135,0.9470437574366672,0.031256412470441905,63,active > inactive
GLC1,3rif_E_asn331,GLC1_3rif_E_asn331,-0.032818389086282075,0.032818389086282075,0.930586170101656,0.030928784848108414,64,active > inactive
GLC1,3rif_D_val329,GLC1_3rif_D_val329,-0.03001542163009397,0.03001542163009397,0.9768848714697091,0.029694556012518022,65,active > inactive
GLC1,3rif_E_trp232,GLC1_3rif_E_trp232,-0.0300452056225756,0.0300452056225756,0.936706641103296,0.028501504382648982,66,active > inactive
GLC1,3rif_E_phe328,GLC1_3rif_E_phe328,-0.026814614937969675,0.026814614937969675,0.9416400876814559,0.02557087020523142,67,active > inactive
GLC1,3rif_D_val325,GLC1_3rif_D_val325,-0.023666718561566855,0.023666718561566855,0.9537361243065291,0.022858897631567537,68,active > inactive
GLC1,3rif_D_phe328,GLC1_3rif_D_phe328,-0.023666261376431613,0.023666261376431613,0.95367754202482,0.02285705199396479,69,active > inactive
GLC1,3rif_D_phe323,GLC1_3rif_D_phe323,-0.02365939387302155,0.02365939387302155,0.9532287764651916,0.022839666741360756,70,active > inactive
GLC1,3rif_D_leu322,GLC1_3rif_D_leu322,-0.02365866041428606,0.02365866041428606,0.9531737728700332,0.022837640831875467,71,active > inactive
GLC1,3rif_arg337,GLC1_3rif_arg337,-0.023077544611046764,0.023077544611046764,0.9731849662637786,0.02274437432962432,72,active > inactive
GLC1,3rif_D_tyr334,GLC1_3rif_D_tyr334,-0.022589747151957613,0.022589747151957613,0.9850457899768262,0.022534960074883478,73,active > inactive
GLC1,3rif_thr252,GLC1_3rif_thr252,-0.026585262166019242,0.026585262166019242,0.8338601224697366,0.022450352089442495,74,active > inactive
GLC1,3rif_D_leu326,GLC1_3rif_D_leu326,-0.023628787848871086,0.023628787848871086,0.9179157450372759,0.02196510412098657,75,active > inactive
GLC1,3rif_leu333,GLC1_3rif_leu333,-0.0222968777247839,0.0222968777247839,0.9470174517381639,0.021384103039455475,76,active > inactive
GLC1,3rif_E_pro324,GLC1_3rif_E_pro324,-0.021829931119805527,0.021829931119805527,0.9619374271738453,0.02126611665777181,77,active > inactive
GLC1,3rif_D_phe327,GLC1_3rif_D_phe327,-0.020934197218708386,0.020934197218708386,0.9168379775918101,0.019437388257507533,78,active > inactive
GLC1,3rif_E_trp335,GLC1_3rif_E_trp335,-0.024112280958510802,0.024112280958510802,0.7939019270762462,0.019386265466468686,79,active > inactive
GLC1,3rif_gln219,GLC1_3rif_gln219,0.03090904235903933,0.03090904235903933,0.5898622336885556,0.018463972502149286,80,inactive > active
GLC1,3rif_tyr272,GLC1_3rif_tyr272,0.02176390444790579,0.02176390444790579,0.8230589146582368,0.01814081262647046,81,inactive > active
GLC1,3rif_E_val325,GLC1_3rif_E_val325,-0.016732257894817408,0.016732257894817408,0.9874406368909163,0.016732257894800463,82,active > inactive
GLC1,3rif_E_phe323,GLC1_3rif_E_phe323,-0.016732257894817408,0.016732257894817408,0.9874406368909159,0.016732257894800456,83,active > inactive
GLC1,3rif_E_leu326,GLC1_3rif_E_leu326,-0.016732257894817408,0.016732257894817408,0.9874406368909158,0.016732257894800453,84,active > inactive
GLC1,3rif_E_val329,GLC1_3rif_E_val329,-0.016732257894817408,0.016732257894817408,0.9874406368909149,0.01673225789480044,85,active > inactive
GLC1,3rif_tyr136,GLC1_3rif_tyr136,-0.01673225789481735,0.01673225789481735,0.9785522910668398,0.01658164418798063,86,active > inactive
GLC1,3rif_gln135,GLC1_3rif_gln135,-0.01673225789481735,0.01673225789481735,0.9785522910668395,0.016581644187980624,87,active > inactive
GLC1,3rif_lys274,GLC1_3rif_lys274,0.01885681650888215,0.01885681650888215,0.8005162197074326,0.015287184771857167,88,inactive > active
GLC1,3rif_D_asn331,GLC1_3rif_D_asn331,-0.015188942985185675,0.015188942985185675,0.9663340053672165,0.01486427797661658,89,active > inactive
GLC1,3rif_E_trp279,GLC1_3rif_E_trp279,-0.046921879505707476,0.046921879505707476,0.28160826443867515,0.01338165410469051,90,active > inactive
GLC1,3rif_D_ser260,GLC1_3rif_D_ser260,0.015848854844110305,0.015848854844110305,0.7311866090564706,0.011735865426168082,91,inactive > active
GLC1,3rif_D_trp335,GLC1_3rif_D_trp335,-0.01145948767112887,0.01145948767112887,0.9788390335720654,0.011359663981974216,92,active > inactive
GLC1,3rif_E_asn264,GLC1_3rif_E_asn264,-0.031225434255987044,0.031225434255987044,0.3150259158153512,0.009961936602272,93,active > inactive
GLC1,3rif_ser336,GLC1_3rif_ser336,-0.008698112035067323,0.008698112035067323,0.9671195893038684,0.00851910912391802,94,active > inactive
GLC1,3rif_D_ile332,GLC1_3rif_D_ile332,-0.008592175509481235,0.008592175509481235,0.9720486224223874,0.008458242506497946,95,active > inactive
GLC1,3rif_phe215,GLC1_3rif_phe215,0.009025541390664665,0.009025541390664665,0.8649997884891867,0.007906390624654723,96,inactive > active
GLC1,3rif_E_leu254,GLC1_3rif_E_leu254,-0.009238244875328247,0.009238244875328247,0.7550217004839844,0.0070637920849729715,97,active > inactive
GLC1,3rif_leu218,GLC1_3rif_leu218,-0.009843771132027893,0.009843771132027893,0.6671197300569282,0.006650499984496223,98,active > inactive
GLC1,3rif_ser231,GLC1_3rif_ser231,-0.022980275216880366,0.022980275216880366,0.2591631051916674,0.006031389899155759,99,active > inactive
GLC1,3rif_tyr216,GLC1_3rif_tyr216,-0.006429621128537738,0.006429621128537738,0.7840308238073597,0.00510513843753063,100,active > inactive
GLC1,3rif_E_ser265,GLC1_3rif_E_ser265,-0.028977322965594427,0.028977322965594427,0.06285705500248233,0.001844596136134545,101,active > inactive
GLC1,3rif_E_ile280,GLC1_3rif_E_ile280,-0.008758745310945306,0.008758745310945306,0.12106157872214562,0.0010738342087133416,102,active > inactive
GLC1,3rif_ala290,GLC1_3rif_ala290,-0.03694733855480327,0.03694733855480327,0.01317011231565725,0.0004927897236060734,103,active > inactive
GLC1,3rif_asp277,GLC1_3rif_asp277,0.0005761606879267054,0.0005761606879267054,0.8100074756060995,0.00047263040119551814,104,inactive > active
GLC1,3rif_trp236,GLC1_3rif_trp236,0.0,0.0,0.0,0.0,105,inactive > active
GLC1,3rif_D_gln266,GLC1_3rif_D_gln266,0.0,0.0,0.0,0.0,106,inactive > active
GLC1,3rif_pro138,GLC1_3rif_pro138,0.0,0.0,0.0,0.0,107,inactive > active
GLC1,3rif_gln182,GLC1_3rif_gln182,0.0,0.0,0.0,0.0,108,inactive > active
GLC1,3rif_tyr137,GLC1_3rif_tyr137,0.0,0.0,0.0,0.0,109,inactive > active
GLC1,3rif_gly339,GLC1_3rif_gly339,0.0,0.0,0.0,0.0,110,inactive > active
GLC1,3rif_met139,GLC1_3rif_met139,0.0,0.0,0.0,0.0,111,inactive > active
GLC1,3rif_arg211,GLC1_3rif_arg211,0.0,0.0,0.0,0.0,112,inactive > active
GLC1,3rif_E_cys283,GLC1_3rif_E_cys283,0.0,0.0,0.0,0.0,113,inactive > active
GLC1,3rif_D_trp232,GLC1_3rif_D_trp232,0.0,0.0,0.0,0.0,114,inactive > active
GLC1,3rif_E_ile332,GLC1_3rif_E_ile332,0.0,0.0,0.0,0.0,115,inactive > active
GLC1,3rif_E_tyr334,GLC1_3rif_E_tyr334,0.0,0.0,0.0,0.0,116,inactive > active
GLC1,3rif_pro179,GLC1_3rif_pro179,0.0,0.0,0.0,0.0,117,inactive > active
GLC1,3rif_E_leu322,GLC1_3rif_E_leu322,0.0,0.0,0.0,0.0,118,inactive > active
GLC1,3rif_ala321,GLC1_3rif_ala321,0.0,0.0,0.0,0.0,119,inactive > active
GLC1,3rif_arg320,GLC1_3rif_arg320,0.0,0.0,0.0,0.0,120,inactive > active
GLC1,3rif_E_phe286,GLC1_3rif_E_phe286,0.0,0.0,0.0,0.0,121,inactive > active
GLC1,3rif_E_phe330,GLC1_3rif_E_phe330,0.0,0.0,0.0,0.0,122,inactive > active
GLC1,3rif_leu134,GLC1_3rif_leu134,0.0,0.0,0.0,0.0,123,inactive > active
GLC1,3rif_D_pro324,GLC1_3rif_D_pro324,0.0,0.0,0.0,0.0,124,inactive > active
GLC1,3rif_leu291,GLC1_3rif_leu291,0.0,0.0,0.0,0.0,125,inactive > active
GLC1,3rif_lys210,GLC1_3rif_lys210,0.0,0.0,0.0,0.0,126,inactive > active
