gene,residue,feature_name,r_pb,abs_r_pb,s_score,rank_score,rank,sign,selected_m_opt
GLC1,3rif_ser224,GLC1_3rif_ser224,-0.2926075391488931,0.2926075391488931,0.8604778679862534,0.2549847576012849,1,active > inactive,45
GLC1,3rif_met226,GLC1_3rif_met226,-0.2704575211154597,0.2704575211154597,0.91722535019714,0.25122572967971873,2,active > inactive,45
GLC1,3rif_ala282,GLC1_3rif_ala282,-0.2694421458945757,0.2694421458945757,0.860936458855803,0.2349230508510822,3,active > inactive,45
GLC1,3rif_leu227,GLC1_3rif_leu227,-0.28426656555188806,0.28426656555188806,0.7936554865248847,0.22847927354496414,4,active > inactive,45
GLC1,3rif_thr285,GLC1_3rif_thr285,-0.25022401141104006,0.25022401141104006,0.8553819244384239,0.21675945715094744,5,active > inactive,45
GLC1,3rif_leu253,GLC1_3rif_leu253,-0.26122121453635466,0.26122121453635466,0.8164988748211336,0.21599964573028765,6,active > inactive,45
GLC1,3rif_ile222,GLC1_3rif_ile222,-0.26125346873241745,0.26125346873241745,0.7850542692648318,0.20770681631475157,7,active > inactive,45
GLC1,3rif_met284,GLC1_3rif_met284,-0.2528519835191423,0.2528519835191423,0.8084490595660786,0.20701796204063197,8,active > inactive,45
GLC1,3rif_D_cys283,GLC1_3rif_D_cys283,-0.2426876956488602,0.2426876956488602,0.820769296579124,0.20172413591676663,9,active > inactive,45
GLC1,3rif_gly281,GLC1_3rif_gly281,-0.2783099176607221,0.2783099176607221,0.6963414919340029,0.19626369023448406,10,active > inactive,45
GLC1,3rif_cys225,GLC1_3rif_cys225,-0.21921439587678215,0.21921439587678215,0.847231915176499,0.18808769409930065,11,active > inactive,45
GLC1,3rif_D_ala258,GLC1_3rif_D_ala258,-0.18621381368812256,0.18621381368812256,0.9607063522662183,0.18117220114922125,12,active > inactive,45
GLC1,3rif_tyr221,GLC1_3rif_tyr221,-0.22647790615272478,0.22647790615272478,0.7231877556454314,0.16586926093035953,13,active > inactive,45
GLC1,3rif_E_leu220,GLC1_3rif_E_leu220,-0.17938007861083244,0.17938007861083244,0.904325359446417,0.1642812215809422,14,active > inactive,45
GLC1,3rif_pro223,GLC1_3rif_pro223,-0.21727357983483403,0.21727357983483403,0.7230367700983907,0.15909491823829894,15,active > inactive,45
GLC1,3rif_phe288,GLC1_3rif_phe288,-0.1773544307074561,0.1773544307074561,0.8838525004667567,0.15874894266357947,16,active > inactive,45
GLC1,3rif_val230,GLC1_3rif_val230,-0.169013621191233,0.169013621191233,0.8937769511168328,0.1529818334406369,17,active > inactive,45
GLC1,3rif_ile229,GLC1_3rif_ile229,-0.16509566904422004,0.16509566904422004,0.9125221077682646,0.15256962522207174,18,active > inactive,45
GLC1,3rif_D_leu254,GLC1_3rif_D_leu254,-0.18850544632373062,0.18850544632373062,0.7811401124454901,0.1491220434287473,19,active > inactive,45
GLC1,3rif_E_gln259,GLC1_3rif_E_gln259,-0.15233891449008338,0.15233891449008338,0.9006731591458662,0.13895272915495163,20,active > inactive,45
GLC1,3rif_D_gln259,GLC1_3rif_D_gln259,-0.15322589666882422,0.15322589666882422,0.8772360887811381,0.1361249287013646,21,active > inactive,45
GLC1,3rif_cys289,GLC1_3rif_cys289,-0.1693988345323553,0.1693988345323553,0.7758146626017989,0.1330936714044132,22,active > inactive,45
GLC1,3rif_D_gly262,GLC1_3rif_D_gly262,-0.14792639132506952,0.14792639132506952,0.883092108464393,0.13229415919519563,23,active > inactive,45
GLC1,3rif_E_thr255,GLC1_3rif_E_thr255,-0.14411975577645098,0.14411975577645098,0.8979039558448901,0.13105162375572693,24,active > inactive,45
GLC1,3rif_D_met256,GLC1_3rif_D_met256,-0.17000188209177006,0.17000188209177006,0.751053185115963,0.12930443638882566,25,active > inactive,45
GLC1,3rif_D_thr257,GLC1_3rif_D_thr257,-0.15047118929888723,0.15047118929888723,0.81840030697751,0.12471197043408662,26,active > inactive,45
GLC1,3rif_val278,GLC1_3rif_val278,-0.14193707091584737,0.14193707091584737,0.8664445208247978,0.12454480077308991,27,active > inactive,45
GLC1,3rif_D_phe286,GLC1_3rif_D_phe286,-0.15248709338760663,0.15248709338760663,0.7525863823169019,0.11621935099189144,28,active > inactive,45
GLC1,3rif_leu292,GLC1_3rif_leu292,-0.14525798790286096,0.14525798790286096,0.7789916334123247,0.11459398472682374,29,active > inactive,45
GLC1,3rif_E_ile263,GLC1_3rif_E_ile263,-0.11690241098346461,0.11690241098346461,0.9413375385247087,0.11144429719760841,30,active > inactive,45
GLC1,3rif_E_ala258,GLC1_3rif_E_ala258,-0.11856534089642984,0.11856534089642984,0.9273095106270928,0.11134519295263456,31,active > inactive,45
GLC1,3rif_ile287,GLC1_3rif_ile287,-0.1614610477842967,0.1614610477842967,0.6757789387436525,0.11049978241077131,32,active > inactive,45
GLC1,3rif_E_ser260,GLC1_3rif_E_ser260,-0.10736927210863065,0.10736927210863065,0.9546901491973192,0.10380815066639405,33,active > inactive,45
GLC1,3rif_D_ala261,GLC1_3rif_D_ala261,-0.12012888268368746,0.12012888268368746,0.8361415304813395,0.10172231531640544,34,active > inactive,45
GLC1,3rif_E_gly262,GLC1_3rif_E_gly262,-0.10428442331986558,0.10428442331986558,0.941416716729774,0.0994237990010855,35,active > inactive,45
GLC1,3rif_leu217,GLC1_3rif_leu217,-0.12887022736957696,0.12887022736957696,0.731323702032715,0.09544457483375048,36,active > inactive,45
GLC1,3rif_D_trp279,GLC1_3rif_D_trp279,-0.11000201437895153,0.11000201437895153,0.8350068659291545,0.09302071824953274,37,active > inactive,45
GLC1,3rif_E_met256,GLC1_3rif_E_met256,-0.11090528099433553,0.11090528099433553,0.8109200041663455,0.09107920776795056,38,active > inactive,45
GLC1,3rif_D_ser265,GLC1_3rif_D_ser265,-0.11228591601742618,0.11228591601742618,0.795904988298963,0.09050561353772815,39,active > inactive,45
GLC1,3rif_D_asn264,GLC1_3rif_D_asn264,0.10592486553974681,0.10592486553974681,0.7915273660123866,0.08490883065112223,40,inactive > active,45
GLC1,3rif_ile273,GLC1_3rif_ile273,-0.10014160297791341,0.10014160297791341,0.77504308301044,0.0786012382009198,41,active > inactive,45
GLC1,3rif_val228,GLC1_3rif_val228,-0.10972182274291192,0.10972182274291192,0.6743269479785137,0.07492944800181027,42,active > inactive,45
GLC1,3rif_ile276,GLC1_3rif_ile276,0.08098905458570958,0.08098905458570958,0.8069074904979993,0.06618187701820659,43,inactive > active,45
GLC1,3rif_E_gln266,GLC1_3rif_E_gln266,-0.08600709922273404,0.08600709922273404,0.7335961714542414,0.06389698413291955,44,active > inactive,45
GLC1,3rif_D_thr255,GLC1_3rif_D_thr255,-0.1276716535668663,0.1276716535668663,0.49325974184701404,0.06377627629119649,45,active > inactive,45
ACHE,32264_val396,ACHE_32264_val396,-0.2495410862628681,0.2495410862628681,0.9008266517529971,0.22630448428117603,1,active > inactive,50
ACHE,32264_trp230,ACHE_32264_trp230,-0.27651664095963374,0.27651664095963374,0.7323320924125675,0.2038633753997019,2,active > inactive,50
ACHE,32264_asp181,ACHE_32264_asp181,-0.2443996371755528,0.2443996371755528,0.8124660090417795,0.19990130492967698,3,active > inactive,50
ACHE,32264_phe398,ACHE_32264_phe398,-0.2421384431996732,0.2421384431996732,0.8034650939415318,0.19585769154846788,4,active > inactive,50
ACHE,32264_phe439,ACHE_32264_phe439,-0.22974036400261752,0.22974036400261752,0.8331317500337048,0.19269074773595396,5,active > inactive,50
ACHE,32264_val441,ACHE_32264_val441,-0.2154256624272843,0.2154256624272843,0.8744632619305766,0.18964826651581776,6,active > inactive,50
ACHE,32264_tyr442,ACHE_32264_tyr442,-0.2207491351150729,0.2207491351150729,0.7937434523776281,0.1763961240961426,7,active > inactive,50
ACHE,32264_gln178,ACHE_32264_gln178,-0.18925635762330503,0.18925635762330503,0.8987657861939591,0.1712406551826516,8,active > inactive,50
ACHE,32264_leu440,ACHE_32264_leu440,-0.18743493908033082,0.18743493908033082,0.8839667415164939,0.16680011530208355,9,active > inactive,50
ACHE,32264_ala190,ACHE_32264_ala190,-0.17888241770626234,0.17888241770626234,0.8960764367968622,0.16136992049831683,10,active > inactive,50
ACHE,32264_asn194,ACHE_32264_asn194,-0.18046585912937438,0.18046585912937438,0.8624989887040827,0.15669802389387472,11,active > inactive,50
ACHE,32264_glu551,ACHE_32264_glu551,0.1587855248266466,0.1587855248266466,0.9500664619255507,0.1518709704296483,12,inactive > active,50
ACHE,32264_asn180,ACHE_32264_asn180,-0.17123441451193985,0.17123441451193985,0.8761756658154224,0.1510400470322143,13,active > inactive,50
ACHE,32264_ala399,ACHE_32264_ala399,-0.16727782434405472,0.16727782434405472,0.895538480750429,0.1508108178090334,14,active > inactive,50
ACHE,32264_thr191,ACHE_32264_thr191,-0.16625574622781183,0.16625574622781183,0.8914482595209072,0.14920475975884848,15,active > inactive,50
ACHE,32264_val395,ACHE_32264_val395,-0.17700367894905628,0.17700367894905628,0.8327520062531021,0.14839109942161555,16,active > inactive,50
ACHE,32264_pro195,ACHE_32264_pro195,-0.16696252618026153,0.16696252618026153,0.8819510069965559,0.14824270782398993,17,active > inactive,50
ACHE,32264_glu397,ACHE_32264_glu397,-0.17107803293259963,0.17107803293259963,0.8317101808898116,0.14324390025382522,18,active > inactive,50
ACHE,32264_thr392,ACHE_32264_thr392,-0.16265642614357917,0.16265642614357917,0.8279003191796828,0.13556861137717913,19,active > inactive,50
ACHE,32264_ile548,ACHE_32264_ile548,0.1481964325321896,0.1481964325321896,0.9067697117109815,0.1352834363092245,20,inactive > active,50
ACHE,32264_glu192,ACHE_32264_glu192,-0.14420991072884232,0.14420991072884232,0.9313046795415354,0.13520624916073098,21,active > inactive,50
ACHE,32264_glu390,ACHE_32264_glu390,-0.15273646673798355,0.15273646673798355,0.8539395384503463,0.1313045374022881,22,active > inactive,50
ACHE,32264_thr393,ACHE_32264_thr393,-0.14783798208295382,0.14783798208295382,0.8784376070674257,0.13073949947846158,23,active > inactive,50
ACHE,32264_ser231,ACHE_32264_ser231,-0.21657109676026517,0.21657109676026517,0.5872041245481363,0.1280263797849682,24,active > inactive,50
ACHE,32264_thr391,ACHE_32264_thr391,-0.15777152480155046,0.15777152480155046,0.7928894459747676,0.12593635859190802,25,active > inactive,50
ACHE,32264_ser233,ACHE_32264_ser233,-0.13651914355251663,0.13651914355251663,0.9093522746336012,0.12497857953538674,26,active > inactive,50
ACHE,32264_phe229,ACHE_32264_phe229,-0.14237101740207914,0.14237101740207914,0.8294833534401578,0.11888830493860883,27,active > inactive,50
ACHE,32264_asn432,ACHE_32264_asn432,0.14666822751259165,0.14666822751259165,0.804458399452443,0.11878169160071386,28,inactive > active,50
ACHE,32264_glu389,ACHE_32264_glu389,-0.12842315223839945,0.12842315223839945,0.9151409396617273,0.11831537427092356,29,active > inactive,50
ACHE,32264_phe184,ACHE_32264_phe184,-0.15981691187629846,0.15981691187629846,0.732853100930879,0.11790970048597701,30,active > inactive,50
ACHE,32264_ser444,ACHE_32264_ser444,-0.14132065057926377,0.14132065057926377,0.8191229184417158,0.11653719944500059,31,active > inactive,50
ACHE,32264_val179,ACHE_32264_val179,-0.12768771441878732,0.12768771441878732,0.853831983593566,0.10975679177358343,32,active > inactive,50
ACHE,32264_tyr438,ACHE_32264_tyr438,-0.14974198198226507,0.14974198198226507,0.716514636425735,0.10801361845195696,33,active > inactive,50
ACHE,32264_glu552,ACHE_32264_glu552,0.13440996481762132,0.13440996481762132,0.7884625249411135,0.106689675846832,34,inactive > active,50
ACHE,32264_phe400,ACHE_32264_phe400,-0.11407194026177522,0.11407194026177522,0.9146904205589474,0.10504196347699576,35,active > inactive,50
ACHE,32264_phe183,ACHE_32264_phe183,-0.12506280384370616,0.12506280384370616,0.8304047490756171,0.1045509196015599,36,active > inactive,50
ACHE,32264_gly436,ACHE_32264_gly436,-0.11676267290706571,0.11676267290706571,0.840910572547503,0.09884705000710979,37,active > inactive,50
ACHE,32264_leu236,ACHE_32264_leu236,-0.11229153445538242,0.11229153445538242,0.7875916424506384,0.08903443092517697,38,active > inactive,50
ACHE,32264_tyr225,ACHE_32264_tyr225,-0.09382609238498152,0.09382609238498152,0.9085579307381193,0.08581952864304068,39,active > inactive,50
ACHE,32264_gly232,ACHE_32264_gly232,-0.12302481335995899,0.12302481335995899,0.6893600559799008,0.08537853564458366,40,active > inactive,50
ACHE,32264_glu307,ACHE_32264_glu307,0.11812063923310245,0.11812063923310245,0.7125510495683122,0.08473281688038413,41,inactive > active,50
ACHE,32264_gly394,ACHE_32264_gly394,-0.1107024076414294,0.1107024076414294,0.7537962988075128,0.08400805674273597,42,active > inactive,50
ACHE,32264_thr437,ACHE_32264_thr437,-0.11237125690949022,0.11237125690949022,0.7197267636821361,0.08142031213914357,43,active > inactive,50
ACHE,32264_trp193,ACHE_32264_trp193,0.10038082507612317,0.10038082507612317,0.7974215904703524,0.0805839632613675,44,inactive > active,50
ACHE,32264_pro445,ACHE_32264_pro445,-0.13177764424760807,0.13177764424760807,0.5998003693231301,0.07957164567909863,45,active > inactive,50
ACHE,32264_val386,ACHE_32264_val386,-0.08431757760255855,0.08431757760255855,0.9292119538344827,0.07887561906954481,46,active > inactive,50
ACHE,32264_gly550,ACHE_32264_gly550,0.12449436261913938,0.12449436261913938,0.6240923840475292,0.07821831222641755,47,inactive > active,50
ACHE,32264_ile553,ACHE_32264_ile553,0.08485253266060148,0.08485253266060148,0.9017899110722899,0.07703357506686224,48,inactive > active,50
ACHE,32264_gly228,ACHE_32264_gly228,-0.10559567200181404,0.10559567200181404,0.7109711850607993,0.07558019179737716,49,active > inactive,50
ACHE,32264_ile401,ACHE_32264_ile401,-0.09344649037211188,0.09344649037211188,0.7642623850541155,0.07189775867817066,50,active > inactive,50
